,date,clon,clat,predicted_dvmax,predicted_RI
0,2011-06-28 18:00:00,-93.5,20.7,0,0
1,2011-06-29 00:00:00,-93.9,21.0,0,0
2,2011-06-29 06:00:00,-94.5,21.2,0,0
3,2011-06-29 12:00:00,-95.3,21.3,5,0
4,2011-06-29 18:00:00,-95.6,21.4,-5,0
5,2011-06-30 00:00:00,-96.1,21.6,10,0
6,2011-06-30 06:00:00,-97.0,21.6,15,0
7,2011-06-30 12:00:00,-97.3,21.6,15,0
8,2011-06-30 18:00:00,-98.1,21.5,10,0
9,2011-07-01 00:00:00,-98.7,21.1,10,0
10,2011-07-17 18:00:00,-78.2,27.8,5,0
11,2011-07-18 00:00:00,-78.1,27.5,5,0
12,2011-07-18 06:00:00,-78.0,27.1,15,0
13,2011-07-18 12:00:00,-77.5,27.4,5,0
14,2011-07-18 18:00:00,-77.1,27.8,5,0
15,2011-07-19 00:00:00,-76.8,28.4,10,0
16,2011-07-19 06:00:00,-76.6,29.0,-5,0
17,2011-07-19 12:00:00,-76.2,29.5,-5,0
18,2011-07-19 18:00:00,-75.8,30.0,-5,0
19,2011-07-20 00:00:00,-75.3,30.5,-5,0
20,2011-07-20 06:00:00,-74.7,30.9,-5,0
21,2011-07-20 12:00:00,-57.0,33.4,5,0
22,2011-07-20 18:00:00,-54.7,34.5,5,0
23,2011-07-21 00:00:00,-72.7,32.4,-5,0
24,2011-07-21 06:00:00,-72.0,33.0,-5,0
25,2011-07-21 12:00:00,-48.4,39.4,-5,0
26,2011-07-21 18:00:00,-70.1,34.1,-5,0
27,2011-07-22 00:00:00,-68.9,35.1,1,0
28,2011-07-22 06:00:00,-67.4,36.2,-5,0
29,2011-07-22 12:00:00,-38.6,45.1,1,0
30,2011-07-22 18:00:00,-35.6,46.7,1,0
31,2011-07-23 00:00:00,-61.0494071146245,24.98363636363636,5,0
32,2011-07-23 06:00:00,-61.04940711462451,24.983636363636364,5,0
33,2011-07-23 12:00:00,-61.04940711462451,24.983636363636364,5,0
34,2011-07-23 18:00:00,-61.04940711462452,24.983636363636364,5,0
35,2011-07-24 00:00:00,-61.0494071146245,24.98363636363636,5,0
36,2011-07-24 06:00:00,-61.04940711462452,24.983636363636364,5,0
37,2011-07-24 12:00:00,-61.04940711462452,24.983636363636364,5,0
38,2011-07-24 18:00:00,-61.04940711462452,24.983636363636364,5,0
39,2011-07-25 00:00:00,-61.0494071146245,24.98363636363636,5,0
40,2011-07-25 06:00:00,-61.0494071146245,24.983636363636364,5,0
41,2011-07-25 12:00:00,-61.0494071146245,24.983636363636364,5,0
42,2011-07-25 18:00:00,-61.04940711462452,24.983636363636364,5,0
43,2011-07-26 00:00:00,-61.04940711462452,24.983636363636364,5,0
44,2011-07-26 06:00:00,-61.04940711462452,24.983636363636364,5,0
45,2011-07-26 12:00:00,-61.0494071146245,24.98363636363636,5,0
46,2011-07-26 18:00:00,-61.0494071146245,24.983636363636364,5,0
47,2011-07-27 00:00:00,-61.04940711462452,24.983636363636364,5,0
48,2011-07-27 06:00:00,-85.7,21.6,5,0
49,2011-07-27 12:00:00,-86.2,21.8,5,0
50,2011-07-27 18:00:00,-86.7,22.0,15,0
51,2011-07-28 00:00:00,-87.4,22.3,5,0
52,2011-07-28 06:00:00,-88.4,22.9,0,0
53,2011-07-28 12:00:00,-89.5,23.7,15,0
54,2011-07-28 18:00:00,-90.7,24.2,15,0
55,2011-07-29 00:00:00,-91.9,24.6,15,0
56,2011-07-29 06:00:00,-93.1,25.1,0,0
57,2011-07-29 12:00:00,-94.3,25.8,0,0
58,2011-07-29 18:00:00,-95.5,26.4,-10,0
59,2011-07-30 00:00:00,-96.9,27.0,1,0
60,2011-07-30 06:00:00,-61.0494071146245,24.983636363636364,5,0
61,2011-07-30 12:00:00,-61.04940711462451,24.98363636363637,5,0
62,2011-07-30 18:00:00,-61.0494071146245,24.983636363636364,5,0
63,2011-07-31 00:00:00,-61.04940711462452,24.98363636363637,5,0
64,2011-07-31 06:00:00,-61.04940711462452,24.983636363636364,5,0
65,2011-07-31 12:00:00,-61.0494071146245,24.983636363636364,5,0
66,2011-07-31 18:00:00,-61.04940711462452,24.983636363636364,5,0
67,2011-08-01 00:00:00,-61.04940711462452,24.983636363636364,5,0
68,2011-08-01 06:00:00,-61.0494071146245,24.983636363636364,5,0
69,2011-08-01 12:00:00,-61.04940711462451,24.983636363636364,5,0
70,2011-08-01 18:00:00,-61.04940711462452,24.983636363636364,5,0
71,2011-08-02 00:00:00,-61.4,14.9,5,0
72,2011-08-02 06:00:00,-62.5,15.1,5,0
73,2011-08-02 12:00:00,-63.6,15.4,15,0
74,2011-08-02 18:00:00,-64.8,15.7,10,0
75,2011-08-03 00:00:00,-66.2,16.0,15,0
76,2011-08-03 06:00:00,-67.7,16.3,15,0
77,2011-08-03 12:00:00,-69.1,16.6,0,0
78,2011-08-03 18:00:00,-70.3,16.8,0,0
79,2011-08-04 00:00:00,-70.7,16.9,5,0
80,2011-08-04 06:00:00,-71.3,16.9,5,0
81,2011-08-04 12:00:00,-72.2,17.3,5,0
82,2011-08-04 18:00:00,-61.04940711462451,24.983636363636364,5,0
83,2011-08-05 00:00:00,-61.04940711462452,24.98363636363637,5,0
84,2011-08-05 06:00:00,-61.0494071146245,24.983636363636364,5,0
85,2011-08-05 12:00:00,-61.0494071146245,24.983636363636364,5,0
86,2011-08-05 18:00:00,-61.0494071146245,24.983636363636364,5,0
87,2011-08-06 00:00:00,-61.04940711462451,24.98363636363636,5,0
88,2011-08-06 06:00:00,-61.04940711462451,24.983636363636364,5,0
89,2011-08-06 12:00:00,-61.04940711462451,24.983636363636364,5,0
90,2011-08-06 18:00:00,-78.2,26.4,5,0
91,2011-08-07 00:00:00,-78.1,27.2,5,0
92,2011-08-07 06:00:00,-77.4,28.4,5,0
93,2011-08-12 18:00:00,-64.7,35.6,1,0
94,2011-08-13 00:00:00,-63.0,36.6,1,0
95,2011-08-13 06:00:00,-61.1,37.6,-5,0
96,2011-08-13 12:00:00,-59.0,38.6,1,0
97,2011-08-13 18:00:00,-60.6,27.3,0,0
98,2011-08-14 00:00:00,-61.5,27.5,5,0
99,2011-08-14 06:00:00,-62.3,27.7,5,0
100,2011-08-14 12:00:00,-62.9,28.1,5,0
101,2011-08-14 18:00:00,-63.1,28.8,5,0
102,2011-08-15 00:00:00,-63.3,29.6,5,0
103,2011-08-15 06:00:00,-63.4,30.6,15,0
104,2011-08-15 12:00:00,-63.2,31.6,10,0
105,2011-08-15 18:00:00,-62.7,32.9,0,0
106,2011-08-16 00:00:00,-61.6,34.2,0,0
107,2011-08-16 06:00:00,-60.3,35.6,0,0
108,2011-08-16 12:00:00,-61.04940711462452,24.98363636363637,5,0
109,2011-08-16 18:00:00,-61.04940711462452,24.98363636363637,5,0
110,2011-08-17 00:00:00,-61.0494071146245,24.98363636363636,5,0
111,2011-08-17 06:00:00,-61.0494071146245,24.983636363636364,5,0
112,2011-08-17 12:00:00,-61.0494071146245,24.983636363636364,5,0
113,2011-08-17 18:00:00,-61.04940711462451,24.983636363636364,5,0
114,2011-08-18 00:00:00,-61.04940711462452,24.983636363636364,5,0
115,2011-08-18 06:00:00,-61.0494071146245,24.983636363636364,5,0
116,2011-08-18 12:00:00,-61.04940711462451,24.983636363636364,5,0
117,2011-08-18 18:00:00,-61.04940711462452,24.983636363636364,5,0
118,2011-08-19 00:00:00,-82.0,15.4,5,0
119,2011-08-19 06:00:00,-82.7,15.7,5,0
120,2011-08-19 12:00:00,-83.4,15.9,5,0
121,2011-08-19 18:00:00,-84.1,16.0,15,0
122,2011-08-20 00:00:00,-84.9,16.1,25,1
123,2011-08-20 06:00:00,-85.8,16.3,25,1
124,2011-08-20 12:00:00,-87.0,16.6,15,0
125,2011-08-20 18:00:00,-88.3,17.0,25,1
126,2011-08-21 00:00:00,-89.6,17.3,10,0
127,2011-08-21 06:00:00,-90.8,17.6,10,0
128,2011-08-21 12:00:00,-62.2,16.8,15,0
129,2011-08-21 18:00:00,-63.7,17.5,15,0
130,2011-08-22 00:00:00,-94.8,18.7,0,0
131,2011-08-22 06:00:00,-96.2,18.6,1,0
132,2011-08-22 12:00:00,-67.0,18.9,0,0
133,2011-08-22 18:00:00,-68.0,19.3,15,0
134,2011-08-23 00:00:00,-68.8,19.7,15,0
135,2011-08-23 06:00:00,-69.7,20.1,-15,0
136,2011-08-23 12:00:00,-70.6,20.4,-15,0
137,2011-08-23 18:00:00,-71.2,20.7,0,0
138,2011-08-24 00:00:00,-71.9,21.0,-5,0
139,2011-08-24 06:00:00,-72.5,21.3,0,0
140,2011-08-24 12:00:00,-73.3,21.9,-20,0
141,2011-08-24 18:00:00,-74.3,22.7,-5,0
142,2011-08-25 00:00:00,-29.0,12.3,5,0
143,2011-08-25 06:00:00,-30.1,12.7,5,0
144,2011-08-25 12:00:00,-76.6,25.4,0,0
145,2011-08-25 18:00:00,-77.2,26.5,-15,0
146,2011-08-26 00:00:00,-77.3,27.7,-15,0
147,2011-08-26 06:00:00,-77.3,28.8,-15,0
148,2011-08-26 12:00:00,-77.4,30.0,-15,0
149,2011-08-26 18:00:00,-77.5,31.1,-15,0
150,2011-08-27 00:00:00,-77.1,32.1,-15,0
151,2011-08-27 06:00:00,-62.4,27.7,1,0
152,2011-08-27 12:00:00,-76.6,34.7,-10,0
153,2011-08-27 18:00:00,-64.3,28.3,-5,0
154,2011-08-28 00:00:00,-64.9,29.1,-5,0
155,2011-08-28 06:00:00,-75.0,38.1,0,0
156,2011-08-28 12:00:00,-65.7,30.9,-5,0
157,2011-08-28 18:00:00,-73.1,42.5,1,0
158,2011-08-29 00:00:00,-61.04940711462451,24.983636363636364,5,0
159,2011-08-29 06:00:00,-25.6,9.5,5,0
160,2011-08-29 12:00:00,-27.0,9.9,10,0
161,2011-08-29 18:00:00,-28.2,10.6,5,0
162,2011-08-30 00:00:00,-29.6,11.0,10,0
163,2011-08-30 06:00:00,-31.1,11.5,30,1
164,2011-08-30 12:00:00,-32.9,12.0,25,1
165,2011-08-30 18:00:00,-34.6,12.6,25,1
166,2011-08-31 00:00:00,-36.4,13.1,10,0
167,2011-08-31 06:00:00,-38.2,13.6,25,1
168,2011-08-31 12:00:00,-40.0,14.0,10,0
169,2011-08-31 18:00:00,-41.8,14.4,15,0
170,2011-09-01 00:00:00,-43.5,14.8,15,0
171,2011-09-01 06:00:00,-45.2,15.1,-10,0
172,2011-09-01 12:00:00,-46.9,15.3,-5,0
173,2011-09-01 18:00:00,-63.8,37.4,1,0
174,2011-09-02 00:00:00,-91.4,26.6,10,0
175,2011-09-02 06:00:00,-51.2,16.8,-5,0
176,2011-09-02 12:00:00,-52.1,17.4,-5,0
177,2011-09-02 18:00:00,-61.8,39.0,1,0
178,2011-09-03 00:00:00,-53.9,18.4,-5,0
179,2011-09-03 06:00:00,-91.8,28.5,5,0
180,2011-09-03 12:00:00,-92.0,29.0,5,0
181,2011-09-03 18:00:00,-92.2,29.2,5,0
182,2011-09-04 00:00:00,-57.1,20.4,-10,0
183,2011-09-04 06:00:00,-57.9,21.1,-10,0
184,2011-09-04 12:00:00,-58.8,21.7,10,0
185,2011-09-04 18:00:00,-91.8,30.3,-5,0
186,2011-09-05 00:00:00,-60.6,23.0,15,0
187,2011-09-05 06:00:00,-61.6,23.6,-10,0
188,2011-09-05 12:00:00,-62.6,24.2,-15,0
189,2011-09-05 18:00:00,-63.4,24.8,-15,0
190,2011-09-06 00:00:00,-64.0,25.6,-15,0
191,2011-09-06 06:00:00,-64.8,26.2,-25,0
192,2011-09-06 12:00:00,-65.6,26.7,-15,0
193,2011-09-06 18:00:00,-35.9,11.5,5,0
194,2011-09-07 00:00:00,-66.9,27.7,-15,0
195,2011-09-07 06:00:00,-67.6,28.2,-15,0
196,2011-09-07 12:00:00,-68.4,28.8,-15,0
197,2011-09-07 18:00:00,-92.6,20.3,5,0
198,2011-09-08 00:00:00,-69.9,30.3,-15,0
199,2011-09-08 06:00:00,-92.4,20.1,5,0
200,2011-09-08 12:00:00,-92.3,19.9,5,0
201,2011-09-08 18:00:00,-92.3,19.7,5,0
202,2011-09-09 00:00:00,-92.1,19.7,5,0
203,2011-09-09 06:00:00,-92.2,19.9,5,0
204,2011-09-09 12:00:00,-67.1,38.5,-5,0
205,2011-09-09 18:00:00,-64.6,39.8,1,0
206,2011-09-10 00:00:00,-60.5,41.0,1,0
207,2011-09-10 06:00:00,-93.4,20.0,5,0
208,2011-09-10 12:00:00,-61.1,16.9,0,0
209,2011-09-10 18:00:00,-94.2,20.1,5,0
210,2011-09-11 00:00:00,-94.7,20.1,5,0
211,2011-09-11 06:00:00,-63.4,18.7,5,0
212,2011-09-11 12:00:00,-64.1,19.1,5,0
213,2011-09-11 18:00:00,-64.7,19.6,0,0
214,2011-09-12 00:00:00,-65.3,20.0,5,0
215,2011-09-12 06:00:00,-66.1,20.4,5,0
216,2011-09-12 12:00:00,-66.9,20.6,5,0
217,2011-09-12 18:00:00,-67.1,20.8,5,0
218,2011-09-13 00:00:00,-67.3,21.0,5,0
219,2011-09-13 06:00:00,-67.5,21.3,0,0
220,2011-09-13 12:00:00,-67.7,21.7,0,0
221,2011-09-13 18:00:00,-68.0,22.3,5,0
222,2011-09-14 00:00:00,-68.5,23.1,5,0
223,2011-09-14 06:00:00,-69.0,23.9,5,0
224,2011-09-14 12:00:00,-69.3,24.7,0,0
225,2011-09-14 18:00:00,-69.3,25.8,0,0
226,2011-09-15 00:00:00,-68.9,27.2,5,0
227,2011-09-15 06:00:00,-68.4,28.8,5,0
228,2011-09-15 12:00:00,-67.8,30.9,-5,0
229,2011-09-15 18:00:00,-66.9,33.7,-10,0
230,2011-09-16 00:00:00,-64.8,36.8,-10,0
231,2011-09-16 06:00:00,-62.1,39.8,1,0
232,2011-09-16 12:00:00,-58.2,42.9,1,0
233,2011-09-16 18:00:00,-53.9,46.7,1,0
234,2011-09-17 00:00:00,-61.0494071146245,24.983636363636364,5,0
235,2011-09-17 06:00:00,-61.04940711462449,24.98363636363636,5,0
236,2011-09-17 12:00:00,-61.04940711462451,24.983636363636364,5,0
237,2011-09-17 18:00:00,-61.04940711462452,24.98363636363637,5,0
238,2011-09-18 00:00:00,-61.04940711462451,24.983636363636364,5,0
239,2011-09-18 06:00:00,-61.0494071146245,24.98363636363636,5,0
240,2011-09-18 12:00:00,-61.04940711462452,24.983636363636364,5,0
241,2011-09-18 18:00:00,-61.0494071146245,24.98363636363636,5,0
242,2011-09-19 00:00:00,-61.0494071146245,24.983636363636364,5,0
243,2011-09-19 06:00:00,-61.04940711462451,24.983636363636364,5,0
244,2011-09-19 12:00:00,-61.04940711462451,24.983636363636364,5,0
245,2011-09-19 18:00:00,-61.0494071146245,24.983636363636364,5,0
246,2011-09-20 00:00:00,-61.04940711462451,24.983636363636364,5,0
247,2011-09-20 06:00:00,-61.04940711462452,24.983636363636364,5,0
248,2011-09-20 12:00:00,-61.04940711462452,24.983636363636364,5,0
249,2011-09-20 18:00:00,-38.6,12.2,5,0
250,2011-09-21 00:00:00,-39.7,12.5,5,0
251,2011-09-21 06:00:00,-41.1,12.7,5,0
252,2011-09-21 12:00:00,-42.6,12.9,5,0
253,2011-09-21 18:00:00,-44.1,13.1,5,0
254,2011-09-22 00:00:00,-45.2,13.3,5,0
255,2011-09-22 06:00:00,-46.3,13.5,-15,0
256,2011-09-22 12:00:00,-47.3,13.7,-15,0
257,2011-09-22 18:00:00,-48.3,13.9,-5,0
258,2011-09-23 00:00:00,-49.4,14.1,-5,0
259,2011-09-23 06:00:00,-50.5,14.4,-5,0
260,2011-09-23 12:00:00,-51.7,14.7,0,0
261,2011-09-23 18:00:00,-52.9,15.2,5,0
262,2011-09-24 00:00:00,-54.0,15.8,0,0
263,2011-09-24 06:00:00,-24.7,11.0,5,0
264,2011-09-24 12:00:00,-55.9,17.2,-5,0
265,2011-09-24 18:00:00,-57.0,17.6,0,0
266,2011-09-25 00:00:00,-28.4,11.5,5,0
267,2011-09-25 06:00:00,-29.4,12.1,5,0
268,2011-09-25 12:00:00,-30.3,12.7,5,0
269,2011-09-25 18:00:00,-31.2,13.2,5,0
270,2011-09-26 00:00:00,-32.1,13.8,5,0
271,2011-09-26 06:00:00,-33.0,14.4,5,0
272,2011-09-26 12:00:00,-33.6,14.9,5,0
273,2011-09-26 18:00:00,-34.1,15.3,5,0
274,2011-09-27 00:00:00,-34.4,15.4,0,0
275,2011-09-27 06:00:00,-34.7,15.5,5,0
276,2011-09-27 12:00:00,-35.2,15.6,-5,0
277,2011-09-27 18:00:00,-59.4,18.0,5,0
278,2011-09-28 00:00:00,-59.5,18.1,5,0
279,2011-09-28 06:00:00,-37.4,16.0,5,0
280,2011-09-28 12:00:00,-59.8,18.4,5,0
281,2011-09-28 18:00:00,-60.1,18.7,10,0
282,2011-09-29 00:00:00,-60.5,19.1,5,0
283,2011-09-29 06:00:00,-41.5,17.8,5,0
284,2011-09-29 12:00:00,-42.3,18.7,0,0
285,2011-09-29 18:00:00,-43.0,19.7,0,0
286,2011-09-30 00:00:00,-43.6,20.7,5,0
287,2011-09-30 06:00:00,-44.2,21.7,5,0
288,2011-09-30 12:00:00,-63.0,23.4,-10,0
289,2011-09-30 18:00:00,-45.6,23.2,5,0
290,2011-10-01 00:00:00,-63.3,25.9,-15,0
291,2011-10-01 06:00:00,-63.2,27.3,-15,0
292,2011-10-01 12:00:00,-63.1,28.9,-5,0
293,2011-10-01 18:00:00,-62.9,30.7,-20,0
294,2011-10-02 00:00:00,-62.5,32.8,-20,0
295,2011-10-02 06:00:00,-50.3,25.8,-5,0
296,2011-10-02 12:00:00,-51.2,26.2,-5,0
297,2011-10-02 18:00:00,-60.8,40.1,1,0
298,2011-10-03 00:00:00,-53.2,26.2,-10,0
299,2011-10-03 06:00:00,-54.0,25.6,-5,0
300,2011-10-03 12:00:00,-54.8,24.9,5,0
301,2011-10-03 18:00:00,-55.6,24.3,15,0
302,2011-10-04 00:00:00,-56.6,23.8,0,0
303,2011-10-04 06:00:00,-57.7,23.7,15,0
304,2011-10-04 12:00:00,-58.7,23.8,-5,0
305,2011-10-04 18:00:00,-59.6,24.0,0,0
306,2011-10-05 00:00:00,-60.2,24.3,5,0
307,2011-10-05 06:00:00,-60.7,24.7,5,0
308,2011-10-05 12:00:00,-61.0,25.2,5,0
309,2011-10-05 18:00:00,-61.1,25.5,5,0
310,2011-10-06 00:00:00,-61.1,25.9,5,0
311,2011-10-06 06:00:00,-61.0,26.5,5,0
312,2011-10-06 12:00:00,-60.4,27.4,15,0
313,2011-10-06 18:00:00,-59.7,28.2,0,0
314,2011-10-07 00:00:00,-58.8,28.7,-10,0
315,2011-10-07 06:00:00,-57.7,29.0,-10,0
316,2011-10-07 12:00:00,-56.5,29.3,1,0
317,2011-10-07 18:00:00,-55.1,29.7,1,0
318,2011-10-08 00:00:00,-53.5,30.1,1,0
319,2011-10-08 06:00:00,-51.4,30.9,1,0
320,2011-10-08 12:00:00,-48.7,32.3,1,0
321,2011-10-23 06:00:00,-81.4,14.2,15,0
322,2011-10-23 12:00:00,-81.5,14.8,15,0
323,2011-10-23 18:00:00,-81.7,15.5,15,0
324,2011-10-24 00:00:00,-81.9,16.0,15,0
325,2011-10-24 06:00:00,-82.2,16.5,15,0
326,2011-10-24 12:00:00,-82.6,16.9,15,0
327,2011-10-24 18:00:00,-83.0,17.1,5,0
328,2011-10-25 00:00:00,-83.2,17.2,15,0
329,2011-10-25 06:00:00,-83.5,17.3,5,0
330,2011-10-25 12:00:00,-83.8,17.3,15,0
331,2011-10-25 18:00:00,-84.2,17.3,10,0
332,2011-10-26 00:00:00,-84.6,17.4,-15,0
333,2011-10-26 06:00:00,-85.0,17.5,5,0
334,2011-10-26 12:00:00,-85.4,17.7,0,0
335,2011-10-26 18:00:00,-85.8,18.0,-5,0
336,2011-10-27 00:00:00,-86.3,18.3,0,0
337,2011-10-27 06:00:00,-86.7,18.6,10,0
338,2011-10-27 12:00:00,-86.9,19.0,-5,0
339,2011-10-27 18:00:00,-87.1,19.5,5,0
340,2011-10-28 00:00:00,-87.2,20.2,-5,0
341,2011-10-28 06:00:00,-87.1,20.9,-5,0
342,2011-10-28 12:00:00,-86.9,21.4,-5,0
343,2011-11-08 06:00:00,-69.8,27.7,-5,0
344,2011-11-08 12:00:00,-70.0,27.8,-5,0
345,2011-11-08 18:00:00,-70.0,27.8,0,0
346,2011-11-09 00:00:00,-70.1,27.8,-5,0
347,2011-11-09 06:00:00,-70.2,27.8,-5,0
348,2011-11-09 12:00:00,-70.4,27.9,-5,0
349,2011-11-09 18:00:00,-70.6,28.3,-5,0
350,2011-11-10 00:00:00,-70.7,29.0,-5,0
351,2011-11-10 06:00:00,-70.9,29.7,-5,0
352,2011-11-10 12:00:00,-70.7,30.2,-5,0
353,2011-11-10 18:00:00,-70.0,30.5,-5,0
354,2011-11-11 00:00:00,-69.0,31.0,-5,0
355,2011-11-11 06:00:00,-67.2,32.2,5,0
356,2011-11-11 12:00:00,-65.3,33.4,0,0
357,2011-11-11 18:00:00,-62.6,34.8,1,0
358,2012-05-19 06:00:00,-77.1,32.8,1,0
359,2012-05-19 12:00:00,-77.3,32.5,1,0
360,2012-05-19 18:00:00,-77.6,32.3,0,0
361,2012-05-20 00:00:00,-78.1,32.1,0,0
362,2012-05-20 06:00:00,-78.7,31.9,1,0
363,2012-05-20 12:00:00,-79.5,31.5,1,0
364,2012-05-20 18:00:00,-79.9,31.1,-5,0
365,2012-05-21 00:00:00,-80.1,30.7,1,0
366,2012-05-21 06:00:00,-79.8,30.4,1,0
367,2012-05-21 12:00:00,-79.1,30.4,1,0
368,2012-05-21 18:00:00,-78.3,30.5,1,0
369,2012-05-22 00:00:00,-77.1,30.7,1,0
370,2012-05-22 06:00:00,-76.1,31.5,1,0
371,2012-05-22 12:00:00,-61.04940711462452,24.98363636363636,5,0
372,2012-05-22 18:00:00,-61.04940711462452,24.983636363636364,5,0
373,2012-05-23 00:00:00,-61.04940711462452,24.983636363636364,5,0
374,2012-05-23 06:00:00,-61.0494071146245,24.983636363636364,5,0
375,2012-05-23 12:00:00,-61.0494071146245,24.98363636363636,5,0
376,2012-05-23 18:00:00,-61.04940711462452,24.983636363636364,5,0
377,2012-05-24 00:00:00,-61.04940711462452,24.983636363636364,5,0
378,2012-05-24 06:00:00,-61.0494071146245,24.98363636363636,5,0
379,2012-05-24 12:00:00,-61.04940711462449,24.983636363636364,5,0
380,2012-05-24 18:00:00,-61.04940711462449,24.98363636363636,5,0
381,2012-05-25 00:00:00,-61.04940711462452,24.983636363636364,5,0
382,2012-05-25 06:00:00,-61.0494071146245,24.983636363636364,5,0
383,2012-05-25 12:00:00,-61.04940711462452,24.983636363636364,5,0
384,2012-05-25 18:00:00,-61.04940711462452,24.983636363636364,5,0
385,2012-05-26 00:00:00,-75.0,32.3,1,0
386,2012-05-26 06:00:00,-75.3,32.4,-5,0
387,2012-05-26 12:00:00,-75.9,32.0,-5,0
388,2012-05-26 18:00:00,-76.2,31.5,5,0
389,2012-05-27 00:00:00,-77.0,31.1,0,0
390,2012-05-27 06:00:00,-78.0,30.7,0,0
391,2012-05-27 12:00:00,-78.9,30.3,0,0
392,2012-05-27 18:00:00,-79.8,30.1,0,0
393,2012-05-28 00:00:00,-80.7,30.1,0,0
394,2012-05-28 06:00:00,-81.7,30.2,0,0
395,2012-05-28 12:00:00,-82.5,30.4,-5,0
396,2012-05-28 18:00:00,-83.0,30.5,0,0
397,2012-05-29 00:00:00,-83.2,30.6,0,0
398,2012-05-29 06:00:00,-83.4,30.8,-5,0
399,2012-05-29 12:00:00,-83.0,31.3,0,0
400,2012-05-29 18:00:00,-82.7,31.7,0,0
401,2012-05-30 00:00:00,-81.8,32.0,0,0
402,2012-05-30 06:00:00,-80.6,32.6,-5,0
403,2012-05-30 12:00:00,-78.9,33.7,-5,0
404,2012-06-18 18:00:00,-61.3,38.0,1,0
405,2012-06-19 00:00:00,-60.4,38.6,1,0
406,2012-06-19 06:00:00,-59.6,39.1,1,0
407,2012-06-19 12:00:00,-58.7,39.4,1,0
408,2012-06-19 18:00:00,-58.0,39.5,1,0
409,2012-06-20 00:00:00,-56.7,38.9,1,0
410,2012-06-20 06:00:00,-54.7,38.3,1,0
411,2012-06-20 12:00:00,-52.5,38.1,1,0
412,2012-06-20 18:00:00,-50.2,38.2,1,0
413,2012-06-21 00:00:00,-47.5,38.6,1,0
414,2012-06-21 06:00:00,-45.5,39.5,1,0
415,2012-06-21 12:00:00,-43.9,40.5,1,0
416,2012-06-21 18:00:00,-42.9,41.9,1,0
417,2012-06-22 00:00:00,-42.8,43.3,1,0
418,2012-06-22 06:00:00,-43.9,44.5,1,0
419,2012-06-22 12:00:00,-61.04940711462451,24.983636363636364,5,0
420,2012-06-22 18:00:00,-61.04940711462452,24.983636363636364,5,0
421,2012-06-23 00:00:00,-61.04940711462451,24.983636363636364,5,0
422,2012-06-23 06:00:00,-61.0494071146245,24.983636363636364,5,0
423,2012-06-23 12:00:00,-87.6,25.5,5,0
424,2012-06-23 18:00:00,-87.5,26.0,5,0
425,2012-06-24 00:00:00,-87.4,26.5,5,0
426,2012-06-24 06:00:00,-87.2,27.0,10,0
427,2012-06-24 12:00:00,-86.8,27.6,-5,0
428,2012-06-24 18:00:00,-86.3,28.0,-5,0
429,2012-06-25 00:00:00,-86.0,28.3,-5,0
430,2012-06-25 06:00:00,-85.8,28.6,0,0
431,2012-06-25 12:00:00,-85.6,28.8,-5,0
432,2012-06-25 18:00:00,-85.3,29.0,0,0
433,2012-06-26 00:00:00,-85.0,29.0,0,0
434,2012-06-26 06:00:00,-84.7,28.9,0,0
435,2012-06-26 12:00:00,-84.3,28.9,0,0
436,2012-06-26 18:00:00,-83.7,29.2,-5,0
437,2012-06-27 00:00:00,-82.7,29.4,-5,0
438,2012-06-27 06:00:00,-81.5,29.5,1,0
439,2012-06-27 12:00:00,-80.3,29.5,-5,0
440,2012-08-01 12:00:00,-46.7,11.6,5,0
441,2012-08-01 18:00:00,-48.2,12.0,5,0
442,2012-08-02 00:00:00,-49.9,12.4,5,0
443,2012-08-02 06:00:00,-51.7,12.7,5,0
444,2012-08-02 12:00:00,-53.6,13.0,5,0
445,2012-08-02 18:00:00,-55.5,13.2,5,0
446,2012-08-03 00:00:00,-57.5,13.4,5,0
447,2012-08-03 06:00:00,-59.7,13.6,0,0
448,2012-08-03 12:00:00,-61.6,13.7,0,0
449,2012-08-03 18:00:00,-63.3,13.8,5,0
450,2012-08-04 00:00:00,-64.8,13.8,15,0
451,2012-08-04 06:00:00,-66.4,13.9,5,0
452,2012-08-04 12:00:00,-29.9,14.7,0,0
453,2012-08-04 18:00:00,-31.2,15.3,0,0
454,2012-08-05 00:00:00,-32.5,15.8,0,0
455,2012-08-05 06:00:00,-33.8,16.1,0,0
456,2012-08-05 12:00:00,-76.1,15.0,0,0
457,2012-08-05 18:00:00,-36.2,16.2,0,0
458,2012-08-06 00:00:00,-78.9,15.2,0,0
459,2012-08-06 06:00:00,-79.6,15.4,25,1
460,2012-08-06 12:00:00,-80.2,15.7,25,1
461,2012-08-06 18:00:00,-81.2,16.2,25,1
462,2012-08-07 00:00:00,-82.2,16.7,10,0
463,2012-08-07 06:00:00,-83.3,17.3,10,0
464,2012-08-07 12:00:00,-84.4,17.8,30,1
465,2012-08-07 18:00:00,-85.7,18.4,20,0
466,2012-08-08 00:00:00,-87.1,18.7,20,0
467,2012-08-08 06:00:00,-88.3,18.8,30,1
468,2012-08-08 12:00:00,-89.6,18.8,5,0
469,2012-08-08 18:00:00,-90.8,18.8,0,0
470,2012-08-09 00:00:00,-91.7,18.8,20,0
471,2012-08-09 06:00:00,-92.8,18.7,0,0
472,2012-08-09 12:00:00,-93.8,18.4,5,0
473,2012-08-09 18:00:00,-94.9,18.2,0,0
474,2012-08-10 00:00:00,-44.6,13.6,5,0
475,2012-08-10 06:00:00,-46.3,13.5,5,0
476,2012-08-10 12:00:00,-48.2,13.4,5,0
477,2012-08-10 18:00:00,-50.5,13.4,5,0
478,2012-08-11 00:00:00,-52.9,13.4,5,0
479,2012-08-11 06:00:00,-55.4,13.4,5,0
480,2012-08-11 12:00:00,-61.04940711462451,24.983636363636364,5,0
481,2012-08-11 18:00:00,-61.0494071146245,24.983636363636364,5,0
482,2012-08-12 00:00:00,-61.0494071146245,24.983636363636364,5,0
483,2012-08-12 06:00:00,-61.0494071146245,24.98363636363636,5,0
484,2012-08-12 12:00:00,-61.0494071146245,24.983636363636364,5,0
485,2012-08-12 18:00:00,-61.0494071146245,24.983636363636364,5,0
486,2012-08-13 00:00:00,-61.0494071146245,24.98363636363636,5,0
487,2012-08-13 06:00:00,-61.04940711462452,24.983636363636364,5,0
488,2012-08-13 12:00:00,-61.04940711462452,24.983636363636364,5,0
489,2012-08-13 18:00:00,-61.0494071146245,24.983636363636364,5,0
490,2012-08-14 00:00:00,-61.0494071146245,24.98363636363636,5,0
491,2012-08-14 06:00:00,-61.04940711462452,24.983636363636364,5,0
492,2012-08-14 12:00:00,-61.04940711462451,24.98363636363636,5,0
493,2012-08-14 18:00:00,-61.04940711462452,24.983636363636364,5,0
494,2012-08-15 00:00:00,-61.04940711462451,24.98363636363637,5,0
495,2012-08-15 06:00:00,-61.0494071146245,24.983636363636364,5,0
496,2012-08-15 12:00:00,-54.6,27.6,5,0
497,2012-08-15 18:00:00,-55.1,29.1,5,0
498,2012-08-16 00:00:00,-55.4,30.5,0,0
499,2012-08-16 06:00:00,-55.2,31.7,5,0
500,2012-08-16 12:00:00,-54.4,32.9,5,0
501,2012-08-16 18:00:00,-53.0,33.9,-5,0
502,2012-08-17 00:00:00,-51.1,34.3,10,0
503,2012-08-17 06:00:00,-49.1,34.6,5,0
504,2012-08-17 12:00:00,-95.7,19.9,5,0
505,2012-08-17 18:00:00,-45.0,34.3,5,0
506,2012-08-18 00:00:00,-43.1,34.2,-5,0
507,2012-08-18 06:00:00,-41.5,34.0,-5,0
508,2012-08-18 12:00:00,-97.7,21.9,5,0
509,2012-08-18 18:00:00,-98.7,22.5,5,0
510,2012-08-19 00:00:00,-35.0,34.3,-10,0
511,2012-08-19 06:00:00,-32.6,34.7,-10,0
512,2012-08-19 12:00:00,-30.6,35.2,1,0
513,2012-08-19 18:00:00,-28.5,35.7,1,0
514,2012-08-20 00:00:00,-26.6,36.4,1,0
515,2012-08-20 06:00:00,-25.0,37.1,1,0
516,2012-08-20 12:00:00,-23.2,37.9,1,0
517,2012-08-20 18:00:00,-61.0494071146245,24.98363636363636,5,0
518,2012-08-21 00:00:00,-61.04940711462452,24.983636363636364,5,0
519,2012-08-21 06:00:00,-50.1,14.9,5,0
520,2012-08-21 12:00:00,-51.6,15.0,5,0
521,2012-08-21 18:00:00,-53.1,15.2,5,0
522,2012-08-22 00:00:00,-54.8,15.4,5,0
523,2012-08-22 06:00:00,-56.6,15.7,5,0
524,2012-08-22 12:00:00,-35.8,12.1,15,0
525,2012-08-22 18:00:00,-37.3,12.8,5,0
526,2012-08-23 00:00:00,-38.7,13.5,5,0
527,2012-08-23 06:00:00,-40.0,14.2,5,0
528,2012-08-23 12:00:00,-65.0,15.1,15,0
529,2012-08-23 18:00:00,-42.1,15.5,5,0
530,2012-08-24 00:00:00,-67.8,15.7,15,0
531,2012-08-24 06:00:00,-69.1,15.4,20,0
532,2012-08-24 12:00:00,-70.4,15.7,20,0
533,2012-08-24 18:00:00,-71.2,16.6,20,0
534,2012-08-25 00:00:00,-71.8,17.3,15,0
535,2012-08-25 06:00:00,-72.7,18.3,-5,0
536,2012-08-25 12:00:00,-73.9,19.6,5,0
537,2012-08-25 18:00:00,-75.2,20.8,0,0
538,2012-08-26 00:00:00,-76.7,21.8,5,0
539,2012-08-26 06:00:00,-78.3,22.7,0,0
540,2012-08-26 12:00:00,-80.0,23.4,0,0
541,2012-08-26 18:00:00,-81.4,23.7,-5,0
542,2012-08-27 00:00:00,-82.6,24.2,0,0
543,2012-08-27 06:00:00,-83.6,25.0,-25,0
544,2012-08-27 12:00:00,-84.7,25.7,20,0
545,2012-08-27 18:00:00,-85.7,26.3,25,1
546,2012-08-28 00:00:00,-86.7,26.8,-25,0
547,2012-08-28 06:00:00,-87.6,27.4,-25,0
548,2012-08-28 12:00:00,-88.3,28.0,20,0
549,2012-08-28 18:00:00,-88.8,28.6,-25,0
550,2012-08-29 00:00:00,-44.5,24.0,5,0
551,2012-08-29 06:00:00,-90.0,29.1,-10,0
552,2012-08-29 12:00:00,-90.5,29.4,-25,0
553,2012-08-29 18:00:00,-90.8,29.7,-25,0
554,2012-08-30 00:00:00,-91.1,30.1,-25,0
555,2012-08-30 06:00:00,-48.6,26.1,15,0
556,2012-08-30 12:00:00,-91.9,31.3,-10,0
557,2012-08-30 18:00:00,-92.4,32.1,-10,0
558,2012-08-31 00:00:00,-92.9,33.1,-5,0
559,2012-08-31 06:00:00,-93.5,34.3,-5,0
560,2012-08-31 12:00:00,-49.0,16.0,10,0
561,2012-08-31 18:00:00,-94.1,36.8,-5,0
562,2012-09-01 00:00:00,-93.9,37.8,1,0
563,2012-09-01 06:00:00,-93.3,38.4,1,0
564,2012-09-01 12:00:00,-47.3,36.5,5,0
565,2012-09-01 18:00:00,-45.4,38.4,0,0
566,2012-09-02 00:00:00,-43.0,40.3,0,0
567,2012-09-02 06:00:00,-40.6,42.4,1,0
568,2012-09-02 12:00:00,-38.1,45.0,1,0
569,2012-09-02 18:00:00,-34.6,48.1,1,0
570,2012-09-03 00:00:00,-61.7,22.9,-5,0
571,2012-09-03 06:00:00,-62.2,23.4,-5,0
572,2012-09-03 12:00:00,-62.6,23.5,-5,0
573,2012-09-03 18:00:00,-42.1,25.5,5,0
574,2012-09-04 00:00:00,-62.6,24.2,5,0
575,2012-09-04 06:00:00,-62.5,24.5,10,0
576,2012-09-04 12:00:00,-62.5,24.8,-5,0
577,2012-09-04 18:00:00,-62.6,25.0,5,0
578,2012-09-05 00:00:00,-62.8,25.2,-5,0
579,2012-09-05 06:00:00,-62.8,25.4,-5,0
580,2012-09-05 12:00:00,-62.8,25.6,-5,0
581,2012-09-05 18:00:00,-62.7,25.8,10,0
582,2012-09-06 00:00:00,-62.6,26.0,-5,0
583,2012-09-06 06:00:00,-62.5,26.2,-5,0
584,2012-09-06 12:00:00,-62.4,26.3,-5,0
585,2012-09-06 18:00:00,-41.0,30.3,-10,0
586,2012-09-07 00:00:00,-62.2,26.5,-5,0
587,2012-09-07 06:00:00,-62.2,26.6,-5,0
588,2012-09-07 12:00:00,-62.2,26.8,10,0
589,2012-09-07 18:00:00,-62.2,27.1,-5,0
590,2012-09-08 00:00:00,-41.5,31.6,-5,0
591,2012-09-08 06:00:00,-41.7,32.0,-5,0
592,2012-09-08 12:00:00,-41.9,32.4,-5,0
593,2012-09-08 18:00:00,-62.5,29.0,-5,0
594,2012-09-09 00:00:00,-62.6,29.7,5,0
595,2012-09-09 06:00:00,-62.6,30.5,-5,0
596,2012-09-09 12:00:00,-42.9,33.7,-5,0
597,2012-09-09 18:00:00,-62.3,32.6,-5,0
598,2012-09-10 00:00:00,-44.1,33.6,0,0
599,2012-09-10 06:00:00,-61.6,35.1,-15,0
600,2012-09-10 12:00:00,-45.8,33.6,-5,0
601,2012-09-10 18:00:00,-59.8,38.5,-5,0
602,2012-09-11 00:00:00,-58.6,41.1,1,0
603,2012-09-11 06:00:00,-41.9,16.0,10,0
604,2012-09-11 12:00:00,-42.8,16.4,5,0
605,2012-09-11 18:00:00,-43.7,16.9,5,0
606,2012-09-12 00:00:00,-44.8,17.5,15,0
607,2012-09-12 06:00:00,-45.9,18.1,10,0
608,2012-09-12 12:00:00,-47.1,18.8,10,0
609,2012-09-12 18:00:00,-48.3,19.5,15,0
610,2012-09-13 00:00:00,-49.5,20.2,15,0
611,2012-09-13 06:00:00,-50.6,21.0,15,0
612,2012-09-13 12:00:00,-51.7,22.0,-15,0
613,2012-09-13 18:00:00,-52.6,23.2,-15,0
614,2012-09-14 00:00:00,-53.4,24.4,-15,0
615,2012-09-14 06:00:00,-54.0,25.6,-5,0
616,2012-09-14 12:00:00,-54.0,27.0,10,0
617,2012-09-14 18:00:00,-53.7,28.3,10,0
618,2012-09-15 00:00:00,-53.3,29.6,10,0
619,2012-09-15 06:00:00,-52.2,30.5,0,0
620,2012-09-15 12:00:00,-50.7,30.8,0,0
621,2012-09-15 18:00:00,-49.1,30.8,0,0
622,2012-09-16 00:00:00,-47.5,30.7,-5,0
623,2012-09-16 06:00:00,-45.4,30.6,-5,0
624,2012-09-16 12:00:00,-43.0,30.6,-5,0
625,2012-09-16 18:00:00,-40.6,30.8,0,0
626,2012-09-17 00:00:00,-38.8,31.1,-5,0
627,2012-09-17 06:00:00,-37.1,31.7,-5,0
628,2012-09-17 12:00:00,-35.9,32.5,-5,0
629,2012-09-17 18:00:00,-35.1,33.1,-5,0
630,2012-09-18 00:00:00,-34.5,33.5,0,0
631,2012-09-18 06:00:00,-33.9,33.9,0,0
632,2012-09-18 12:00:00,-33.3,34.3,0,0
633,2012-09-18 18:00:00,-32.7,34.9,0,0
634,2012-09-19 00:00:00,-32.3,35.5,0,0
635,2012-09-19 06:00:00,-32.0,36.1,0,0
636,2012-09-19 12:00:00,-32.0,36.7,0,0
637,2012-09-19 18:00:00,-32.0,37.1,0,0
638,2012-09-20 00:00:00,-31.6,37.2,0,0
639,2012-09-20 06:00:00,-30.9,36.9,-5,0
640,2012-09-20 12:00:00,-30.0,36.5,0,0
641,2012-09-20 18:00:00,-29.0,36.2,0,0
642,2012-09-21 00:00:00,-28.2,35.9,0,0
643,2012-09-21 06:00:00,-27.4,35.4,-10,0
644,2012-09-21 12:00:00,-27.3,34.6,-5,0
645,2012-09-21 18:00:00,-61.04940711462452,24.98363636363636,5,0
646,2012-09-22 00:00:00,-61.0494071146245,24.983636363636364,5,0
647,2012-09-22 06:00:00,-61.04940711462452,24.98363636363636,5,0
648,2012-09-22 12:00:00,-61.04940711462452,24.983636363636364,5,0
649,2012-09-22 18:00:00,-61.04940711462452,24.983636363636364,5,0
650,2012-09-23 00:00:00,-25.9,30.4,0,0
651,2012-09-23 06:00:00,-25.6,30.4,0,0
652,2012-09-23 12:00:00,-25.4,30.6,0,0
653,2012-09-23 18:00:00,-25.8,30.9,0,0
654,2012-09-24 00:00:00,-26.2,31.1,0,0
655,2012-09-24 06:00:00,-26.7,31.3,0,0
656,2012-09-24 12:00:00,-27.4,31.5,0,0
657,2012-09-24 18:00:00,-28.1,31.8,0,0
658,2012-09-25 00:00:00,-28.8,32.1,0,0
659,2012-09-25 06:00:00,-29.5,32.1,15,0
660,2012-09-25 12:00:00,-29.9,32.0,0,0
661,2012-09-25 18:00:00,-30.1,31.7,-5,0
662,2012-09-26 00:00:00,-30.3,31.4,0,0
663,2012-09-26 06:00:00,-30.4,31.1,0,0
664,2012-09-26 12:00:00,-30.5,30.7,0,0
665,2012-09-26 18:00:00,-30.7,30.2,-5,0
666,2012-09-27 00:00:00,-31.0,29.6,-5,0
667,2012-09-27 06:00:00,-31.4,29.1,0,0
668,2012-09-27 12:00:00,-31.9,28.7,15,0
669,2012-09-27 18:00:00,-32.5,28.5,0,0
670,2012-09-28 00:00:00,-33.2,28.5,0,0
671,2012-09-28 06:00:00,-33.9,28.7,0,0
672,2012-09-28 12:00:00,-34.4,29.2,0,0
673,2012-09-28 18:00:00,-34.8,29.7,0,0
674,2012-09-29 00:00:00,-35.3,30.5,-5,0
675,2012-09-29 06:00:00,-35.7,31.4,0,0
676,2012-09-29 12:00:00,-36.1,32.6,0,0
677,2012-09-29 18:00:00,-36.6,33.8,0,0
678,2012-09-30 00:00:00,-37.1,35.0,0,0
679,2012-09-30 06:00:00,-37.6,36.0,-10,0
680,2012-09-30 12:00:00,-38.3,36.8,-10,0
681,2012-09-30 18:00:00,-38.9,37.2,-5,0
682,2012-10-01 00:00:00,-39.4,36.9,-10,0
683,2012-10-01 06:00:00,-39.4,36.4,-5,0
684,2012-10-01 12:00:00,-39.4,35.9,0,0
685,2012-10-01 18:00:00,-39.4,35.4,-5,0
686,2012-10-02 00:00:00,-39.1,34.8,-5,0
687,2012-10-02 06:00:00,-38.5,34.5,-5,0
688,2012-10-02 12:00:00,-37.9,34.3,-5,0
689,2012-10-02 18:00:00,-37.1,34.3,0,0
690,2012-10-03 00:00:00,-36.2,34.4,1,0
691,2012-10-03 06:00:00,-35.3,34.6,1,0
692,2012-10-03 12:00:00,-34.0,34.9,1,0
693,2012-10-03 18:00:00,-32.5,35.4,1,0
694,2012-10-04 00:00:00,-42.1,18.9,5,0
695,2012-10-04 06:00:00,-42.2,19.5,5,0
696,2012-10-04 12:00:00,-42.0,20.2,-5,0
697,2012-10-04 18:00:00,-41.5,21.0,5,0
698,2012-10-05 00:00:00,-40.6,21.8,5,0
699,2012-10-05 06:00:00,-39.4,22.7,-5,0
700,2012-10-05 12:00:00,-37.8,23.5,5,0
701,2012-10-11 00:00:00,-72.4,25.4,10,0
702,2012-10-11 06:00:00,-72.2,25.4,5,0
703,2012-10-11 12:00:00,-72.2,25.5,10,0
704,2012-10-11 18:00:00,-72.3,25.6,5,0
705,2012-10-12 00:00:00,-72.4,25.5,10,0
706,2012-10-12 06:00:00,-72.3,25.4,10,0
707,2012-10-12 12:00:00,-72.2,25.3,10,0
708,2012-10-12 18:00:00,-72.1,25.4,-5,0
709,2012-10-13 00:00:00,-71.9,25.4,-5,0
710,2012-10-13 06:00:00,-63.7,15.3,10,0
711,2012-10-13 12:00:00,-63.8,15.6,15,0
712,2012-10-13 18:00:00,-63.6,16.7,20,0
713,2012-10-14 00:00:00,-63.5,17.9,5,0
714,2012-10-14 06:00:00,-63.6,18.9,5,0
715,2012-10-14 12:00:00,-63.9,19.7,5,0
716,2012-10-14 18:00:00,-64.3,20.4,5,0
717,2012-10-15 00:00:00,-64.7,21.3,5,0
718,2012-10-15 06:00:00,-65.2,22.0,0,0
719,2012-10-15 12:00:00,-65.6,22.6,0,0
720,2012-10-15 18:00:00,-65.8,23.6,0,0
721,2012-10-16 00:00:00,-65.6,24.6,0,0
722,2012-10-16 06:00:00,-65.3,25.9,0,0
723,2012-10-16 12:00:00,-64.9,27.6,0,0
724,2012-10-16 18:00:00,-64.2,29.5,1,0
725,2012-10-17 00:00:00,-63.1,31.6,1,0
726,2012-10-17 06:00:00,-61.7,34.0,1,0
727,2012-10-17 12:00:00,-60.1,36.5,1,0
728,2012-10-17 18:00:00,-61.04940711462452,24.98363636363636,5,0
729,2012-10-18 00:00:00,-61.0494071146245,24.983636363636364,5,0
730,2012-10-18 06:00:00,-61.0494071146245,24.98363636363636,5,0
731,2012-10-18 12:00:00,-61.04940711462452,24.983636363636364,5,0
732,2012-10-18 18:00:00,-61.04940711462452,24.983636363636364,5,0
733,2012-10-19 00:00:00,-61.0494071146245,24.983636363636364,5,0
734,2012-10-19 06:00:00,-61.0494071146245,24.98363636363637,5,0
735,2012-10-19 12:00:00,-61.0494071146245,24.983636363636364,5,0
736,2012-10-19 18:00:00,-61.0494071146245,24.983636363636364,5,0
737,2012-10-20 00:00:00,-61.04940711462452,24.983636363636364,5,0
738,2012-10-20 06:00:00,-61.04940711462452,24.983636363636364,5,0
739,2012-10-20 12:00:00,-61.0494071146245,24.983636363636364,5,0
740,2012-10-20 18:00:00,-61.04940711462451,24.983636363636364,5,0
741,2012-10-21 00:00:00,-61.04940711462451,24.98363636363636,5,0
742,2012-10-21 06:00:00,-61.04940711462451,24.98363636363636,5,0
743,2012-10-21 12:00:00,-61.0494071146245,24.983636363636364,5,0
744,2012-10-21 18:00:00,-61.04940711462452,24.98363636363637,5,0
745,2012-10-22 00:00:00,-61.04940711462452,24.983636363636364,5,0
746,2012-10-22 06:00:00,-61.04940711462452,24.983636363636364,5,0
747,2012-10-22 12:00:00,-78.6,13.1,5,0
748,2012-10-22 18:00:00,-78.7,12.7,15,0
749,2012-10-23 00:00:00,-51.8,22.5,5,0
750,2012-10-23 06:00:00,-78.1,12.9,15,0
751,2012-10-23 12:00:00,-51.3,24.7,5,0
752,2012-10-23 18:00:00,-50.6,25.7,-5,0
753,2012-10-24 00:00:00,-49.6,26.5,5,0
754,2012-10-24 06:00:00,-48.5,27.2,5,0
755,2012-10-24 12:00:00,-46.8,27.9,5,0
756,2012-10-24 18:00:00,-44.7,28.7,0,0
757,2012-10-25 00:00:00,-42.4,29.5,-2,0
758,2012-10-25 06:00:00,-76.0,20.1,0,0
759,2012-10-25 12:00:00,-37.6,30.6,1,0
760,2012-10-25 18:00:00,-75.3,23.3,1,0
761,2012-10-26 00:00:00,-75.9,24.8,1,0
762,2012-10-26 06:00:00,-76.4,25.7,1,0
763,2012-10-26 12:00:00,-76.9,26.4,1,0
764,2012-10-26 18:00:00,-77.2,27.0,1,0
765,2012-10-27 00:00:00,-77.1,27.5,1,0
766,2012-10-27 06:00:00,-76.9,28.1,1,0
767,2012-10-27 12:00:00,-76.5,28.8,1,0
768,2012-10-27 18:00:00,-75.6,29.7,1,0
769,2012-10-28 00:00:00,-74.7,30.5,1,0
770,2012-10-28 06:00:00,-73.9,31.3,1,0
771,2012-10-28 12:00:00,-73.0,32.0,1,0
772,2012-10-28 18:00:00,-72.0,32.8,1,0
773,2012-10-29 00:00:00,-71.0,33.9,1,0
774,2012-10-29 06:00:00,-70.5,35.3,1,0
775,2012-10-29 12:00:00,-71.0,36.9,1,0
776,2012-10-29 18:00:00,-73.2,38.3,1,0
777,2013-06-05 18:00:00,-86.6,25.1,5,0
778,2013-06-06 00:00:00,-86.5,25.6,0,0
779,2013-06-06 06:00:00,-86.1,26.7,0,0
780,2013-06-06 12:00:00,-84.9,27.8,-5,0
781,2013-06-06 18:00:00,-83.9,28.9,-5,0
782,2013-06-07 00:00:00,-83.0,29.8,1,0
783,2013-06-07 06:00:00,-81.4,31.6,1,0
784,2013-06-07 12:00:00,-80.2,33.5,1,0
785,2013-06-17 12:00:00,-87.0,16.0,5,0
786,2013-06-17 18:00:00,-87.9,16.3,0,0
787,2013-06-18 00:00:00,-88.6,16.6,0,0
788,2013-06-18 06:00:00,-89.3,17.0,10,0
789,2013-06-18 12:00:00,-90.3,17.6,10,0
790,2013-06-18 18:00:00,-91.3,18.2,10,0
791,2013-06-19 00:00:00,-92.2,18.8,-5,0
792,2013-06-19 06:00:00,-93.1,19.2,10,0
793,2013-06-19 12:00:00,-94.0,19.5,-5,0
794,2013-06-19 18:00:00,-94.8,19.6,5,0
795,2013-06-20 00:00:00,-95.4,19.6,0,0
796,2013-06-20 06:00:00,-95.9,19.6,0,0
797,2013-06-20 12:00:00,-96.5,19.6,0,0
798,2013-06-20 18:00:00,-97.0,19.6,0,0
799,2013-07-07 12:00:00,-41.4,9.3,5,0
800,2013-07-07 18:00:00,-43.8,9.5,5,0
801,2013-07-08 00:00:00,-46.1,9.8,0,0
802,2013-07-08 06:00:00,-48.4,10.1,15,0
803,2013-07-08 12:00:00,-50.6,10.7,10,0
804,2013-07-08 18:00:00,-52.9,11.4,5,0
805,2013-07-09 00:00:00,-55.2,12.1,5,0
806,2013-07-09 06:00:00,-57.7,13.0,15,0
807,2013-07-09 12:00:00,-60.3,13.9,15,0
808,2013-07-09 18:00:00,-62.9,14.8,15,0
809,2013-07-10 00:00:00,-65.6,15.6,0,0
810,2013-07-10 06:00:00,-68.4,16.2,-5,0
811,2013-07-10 12:00:00,-71.2,16.7,-5,0
812,2013-07-23 18:00:00,-23.9,12.4,0,0
813,2013-07-24 00:00:00,-25.4,13.0,0,0
814,2013-07-24 06:00:00,-27.1,13.5,0,0
815,2013-07-24 12:00:00,-29.0,13.9,0,0
816,2013-07-24 18:00:00,-30.8,14.4,0,0
817,2013-07-25 00:00:00,-32.4,14.9,0,0
818,2013-07-25 06:00:00,-33.9,15.3,0,0
819,2013-07-25 12:00:00,-35.5,15.7,0,0
820,2013-07-25 18:00:00,-37.1,16.0,0,0
821,2013-07-26 00:00:00,-38.7,16.4,0,0
822,2013-07-26 06:00:00,-40.7,16.9,0,0
823,2013-07-26 12:00:00,-42.8,17.3,0,0
824,2013-07-26 18:00:00,-45.0,17.6,0,0
825,2013-07-27 00:00:00,-47.1,17.8,0,0
826,2013-07-27 06:00:00,-49.2,18.0,5,0
827,2013-07-27 12:00:00,-51.1,18.3,5,0
828,2013-08-02 18:00:00,-79.4,27.4,10,0
829,2013-08-03 00:00:00,-79.3,28.4,0,0
830,2013-08-03 06:00:00,-79.1,29.4,-5,0
831,2013-08-03 12:00:00,-78.8,30.3,-5,0
832,2013-08-15 00:00:00,-23.3,13.9,5,0
833,2013-08-15 06:00:00,-24.6,14.1,5,0
834,2013-08-15 12:00:00,-25.9,14.3,5,0
835,2013-08-15 18:00:00,-27.2,14.7,10,0
836,2013-08-16 00:00:00,-28.6,15.3,0,0
837,2013-08-16 06:00:00,-30.0,15.9,0,0
838,2013-08-16 12:00:00,-31.4,16.5,0,0
839,2013-08-16 18:00:00,-32.7,17.3,0,0
840,2013-08-17 00:00:00,-33.8,18.0,0,0
841,2013-08-17 06:00:00,-34.7,18.8,0,0
842,2013-08-17 12:00:00,-35.5,19.6,0,0
843,2013-08-17 18:00:00,-36.2,20.3,0,0
844,2013-08-18 00:00:00,-37.2,20.6,0,0
845,2013-08-25 12:00:00,-94.2,18.7,0,0
846,2013-08-25 18:00:00,-95.1,18.9,15,0
847,2013-08-26 00:00:00,-95.9,19.2,-5,0
848,2013-08-26 06:00:00,-96.6,19.7,0,0
849,2013-08-26 12:00:00,-97.3,20.1,0,0
850,2013-09-04 18:00:00,-65.9,16.2,5,0
851,2013-09-05 00:00:00,-66.3,16.7,10,0
852,2013-09-05 06:00:00,-67.0,17.1,10,0
853,2013-09-05 12:00:00,-67.7,17.4,5,0
854,2013-09-05 18:00:00,-61.04940711462452,24.983636363636364,5,0
855,2013-09-06 00:00:00,-61.04940711462452,24.983636363636364,5,0
856,2013-09-06 06:00:00,-61.0494071146245,24.983636363636364,5,0
857,2013-09-06 12:00:00,-97.4,22.4,5,0
858,2013-09-06 18:00:00,-97.9,22.3,1,0
859,2013-09-07 00:00:00,-98.5,21.9,1,0
860,2013-09-07 06:00:00,-61.04940711462452,24.98363636363637,5,0
861,2013-09-07 12:00:00,-61.04940711462451,24.983636363636364,5,0
862,2013-09-07 18:00:00,-61.04940711462452,24.983636363636364,5,0
863,2013-09-08 00:00:00,-61.04940711462452,24.983636363636364,5,0
864,2013-09-08 06:00:00,-61.0494071146245,24.983636363636364,5,0
865,2013-09-08 12:00:00,-61.0494071146245,24.983636363636364,5,0
866,2013-09-08 18:00:00,-20.3,13.0,5,0
867,2013-09-09 00:00:00,-21.3,13.1,15,0
868,2013-09-09 06:00:00,-22.4,13.3,15,0
869,2013-09-09 12:00:00,-23.6,13.5,30,1
870,2013-09-09 18:00:00,-24.6,13.7,30,1
871,2013-09-10 00:00:00,-25.5,13.9,30,1
872,2013-09-10 06:00:00,-65.0,29.0,5,0
873,2013-09-10 12:00:00,-27.3,14.3,25,1
874,2013-09-10 18:00:00,-27.9,14.7,0,0
875,2013-09-11 00:00:00,-28.3,15.1,0,0
876,2013-09-11 06:00:00,-65.4,32.3,0,0
877,2013-09-11 12:00:00,-28.9,16.3,15,0
878,2013-09-11 18:00:00,-28.9,17.4,0,0
879,2013-09-12 00:00:00,-28.9,18.6,5,0
880,2013-09-12 06:00:00,-28.9,19.9,-15,0
881,2013-09-12 12:00:00,-67.6,33.6,5,0
882,2013-09-12 18:00:00,-67.9,34.0,5,0
883,2013-09-13 00:00:00,-68.1,34.7,0,0
884,2013-09-13 06:00:00,-67.5,35.9,0,0
885,2013-09-13 12:00:00,-66.6,37.7,0,0
886,2013-09-13 18:00:00,-31.7,24.8,0,0
887,2013-09-14 00:00:00,-95.3,19.3,15,0
888,2013-09-14 06:00:00,-95.1,19.6,5,0
889,2013-09-14 12:00:00,-94.6,20.3,0,0
890,2013-09-14 18:00:00,-94.4,21.0,0,0
891,2013-09-15 00:00:00,-94.7,21.6,0,0
892,2013-09-15 06:00:00,-95.2,22.0,0,0
893,2013-09-15 12:00:00,-39.7,25.9,-5,0
894,2013-09-15 18:00:00,-95.9,22.7,0,0
895,2013-09-16 00:00:00,-96.2,23.0,0,0
896,2013-09-16 06:00:00,-96.9,23.4,0,0
897,2013-09-16 12:00:00,-42.9,26.8,-5,0
898,2013-09-16 18:00:00,-43.3,26.9,-5,0
899,2013-09-17 00:00:00,-43.2,27.0,-5,0
900,2013-09-17 06:00:00,-42.9,27.4,-5,0
901,2013-09-17 12:00:00,-42.6,28.4,0,0
902,2013-09-17 18:00:00,-42.7,29.5,5,0
903,2013-09-18 00:00:00,-43.2,30.5,5,0
904,2013-09-18 06:00:00,-43.6,31.1,5,0
905,2013-09-18 12:00:00,-43.9,31.6,5,0
906,2013-09-18 18:00:00,-44.1,32.0,5,0
907,2013-09-19 00:00:00,-44.3,32.5,5,0
908,2013-09-19 06:00:00,-44.5,33.0,5,0
909,2013-09-29 00:00:00,-50.4,24.9,10,0
910,2013-09-29 06:00:00,-49.7,25.6,5,0
911,2013-09-29 12:00:00,-49.0,26.2,5,0
912,2013-09-29 18:00:00,-48.2,26.7,5,0
913,2013-09-30 00:00:00,-47.5,27.1,5,0
914,2013-09-30 06:00:00,-46.8,27.2,5,0
915,2013-09-30 12:00:00,-46.0,27.3,5,0
916,2013-09-30 18:00:00,-45.0,27.3,5,0
917,2013-10-01 00:00:00,-43.9,27.5,5,0
918,2013-10-01 06:00:00,-43.6,27.7,-5,0
919,2013-10-01 12:00:00,-43.5,28.1,5,0
920,2013-10-01 18:00:00,-43.5,28.1,5,0
921,2013-10-02 00:00:00,-43.7,28.1,5,0
922,2013-10-02 06:00:00,-43.9,28.1,5,0
923,2013-10-02 12:00:00,-43.4,28.6,5,0
924,2013-10-02 18:00:00,-42.9,29.0,5,0
925,2013-10-03 00:00:00,-42.4,29.4,5,0
926,2013-10-03 06:00:00,-41.7,30.1,5,0
927,2013-10-03 12:00:00,-40.6,30.8,5,0
928,2013-10-03 18:00:00,-88.1,22.8,-5,0
929,2013-10-04 00:00:00,-89.0,23.9,-5,0
930,2013-10-04 06:00:00,-89.5,24.5,-5,0
931,2013-10-04 12:00:00,-89.9,25.2,5,0
932,2013-10-04 18:00:00,-90.2,25.8,5,0
933,2013-10-05 00:00:00,-90.5,26.1,-5,0
934,2013-10-05 06:00:00,-91.0,26.7,-5,0
935,2013-10-05 12:00:00,-91.6,27.6,-5,0
936,2013-10-05 18:00:00,-91.8,27.9,-5,0
937,2013-10-06 00:00:00,-91.9,28.1,1,0
938,2013-10-06 06:00:00,-91.9,28.1,1,0
939,2013-10-21 06:00:00,-55.9,27.6,5,0
940,2013-10-21 12:00:00,-55.6,28.2,5,0
941,2013-10-21 18:00:00,-55.0,28.8,5,0
942,2013-10-22 00:00:00,-54.2,29.1,5,0
943,2013-10-22 06:00:00,-53.3,29.3,5,0
944,2013-10-22 12:00:00,-52.4,29.4,5,0
945,2013-10-22 18:00:00,-51.5,29.5,5,0
946,2013-10-23 00:00:00,-50.6,29.5,-5,0
947,2013-10-23 06:00:00,-49.8,29.5,-5,0
948,2013-10-23 12:00:00,-49.3,29.4,-5,0
949,2013-10-23 18:00:00,-48.9,29.3,-5,0
950,2013-10-24 00:00:00,-48.4,29.4,1,0
951,2013-10-24 06:00:00,-48.0,29.7,1,0
952,2013-11-18 12:00:00,-53.4,29.1,0,0
953,2013-11-18 18:00:00,-54.0,29.7,0,0
954,2013-11-19 00:00:00,-54.5,30.2,0,0
955,2013-11-19 06:00:00,-54.7,30.8,0,0
956,2013-11-19 12:00:00,-54.7,31.6,0,0
957,2013-11-19 18:00:00,-54.4,32.5,5,0
958,2013-11-20 00:00:00,-53.2,33.3,5,0
959,2013-11-20 06:00:00,-51.4,34.1,5,0
960,2013-11-20 12:00:00,-49.0,35.1,5,0
961,2013-11-20 18:00:00,-46.4,36.3,0,0
962,2013-11-21 00:00:00,-43.5,37.5,0,0
963,2013-11-21 06:00:00,-40.0,38.8,0,0
964,2013-11-21 12:00:00,-36.6,39.9,1,0
965,2013-11-21 18:00:00,-33.3,40.7,1,0
966,2013-12-05 00:00:00,-27.5,32.4,5,0
967,2013-12-05 06:00:00,-27.4,33.0,5,0
968,2013-12-05 12:00:00,-27.7,33.5,5,0
969,2013-12-05 18:00:00,-27.8,33.7,0,0
970,2013-12-06 00:00:00,-27.9,33.9,0,0
971,2013-12-06 06:00:00,-27.1,33.9,0,0
972,2013-12-06 12:00:00,-26.9,34.5,-2,0
973,2013-12-06 18:00:00,-27.0,35.1,-2,0
974,2013-12-07 00:00:00,-27.1,35.8,1,0
975,2014-07-01 00:00:00,-78.9,27.7,0,0
976,2014-07-01 06:00:00,-79.1,27.5,0,0
977,2014-07-01 12:00:00,-79.2,27.5,15,0
978,2014-07-01 18:00:00,-79.3,27.7,15,0
979,2014-07-02 00:00:00,-79.2,27.9,0,0
980,2014-07-02 06:00:00,-79.1,28.2,0,0
981,2014-07-02 12:00:00,-79.0,28.7,15,0
982,2014-07-02 18:00:00,-79.1,29.4,-5,0
983,2014-07-03 00:00:00,-79.2,30.1,10,0
984,2014-07-03 06:00:00,-79.1,30.9,10,0
985,2014-07-03 12:00:00,-78.8,31.8,10,0
986,2014-07-03 18:00:00,-78.3,32.9,10,0
987,2014-07-04 00:00:00,-77.3,34.0,-15,0
988,2014-07-04 06:00:00,-76.0,35.3,-10,0
989,2014-07-04 12:00:00,-74.4,36.8,-15,0
990,2014-07-04 18:00:00,-72.4,38.4,1,0
991,2014-07-05 00:00:00,-69.7,40.2,1,0
992,2014-07-05 06:00:00,-67.6,42.3,1,0
993,2014-07-21 12:00:00,-41.6,11.4,0,0
994,2014-07-21 18:00:00,-43.1,11.6,0,0
995,2014-07-22 00:00:00,-44.4,11.9,0,0
996,2014-07-22 06:00:00,-45.7,12.1,0,0
997,2014-07-22 12:00:00,-47.2,12.4,0,0
998,2014-07-22 18:00:00,-48.8,12.8,0,0
999,2014-07-23 00:00:00,-50.4,13.2,0,0
1000,2014-07-23 06:00:00,-52.2,13.7,0,0
1001,2014-07-23 12:00:00,-55.0,14.0,0,0
1002,2014-08-01 00:00:00,-54.6,12.2,0,0
1003,2014-08-01 06:00:00,-56.2,13.0,0,0
1004,2014-08-01 12:00:00,-58.1,13.8,0,0
1005,2014-08-01 18:00:00,-60.3,14.5,0,0
1006,2014-08-02 00:00:00,-62.3,15.2,0,0
1007,2014-08-02 06:00:00,-64.1,15.9,-5,0
1008,2014-08-02 12:00:00,-65.9,16.7,-5,0
1009,2014-08-02 18:00:00,-67.6,17.9,0,0
1010,2014-08-03 00:00:00,-69.0,19.2,0,0
1011,2014-08-03 06:00:00,-70.4,20.3,0,0
1012,2014-08-03 12:00:00,-71.6,21.4,0,0
1013,2014-08-03 18:00:00,-72.5,22.7,15,0
1014,2014-08-04 00:00:00,-73.1,24.1,15,0
1015,2014-08-04 06:00:00,-73.5,25.4,15,0
1016,2014-08-04 12:00:00,-73.6,26.8,5,0
1017,2014-08-04 18:00:00,-73.6,28.5,10,0
1018,2014-08-05 00:00:00,-73.4,30.5,-5,0
1019,2014-08-05 06:00:00,-73.2,32.5,0,0
1020,2014-08-05 12:00:00,-72.7,34.2,0,0
1021,2014-08-05 18:00:00,-71.2,35.5,1,0
1022,2014-08-06 00:00:00,-69.3,36.8,1,0
1023,2014-08-06 06:00:00,-66.9,38.1,1,0
1024,2014-08-06 12:00:00,-64.1,39.4,1,0
1025,2014-08-23 18:00:00,-72.2,21.5,0,0
1026,2014-08-24 00:00:00,-72.5,22.0,20,0
1027,2014-08-24 06:00:00,-72.9,22.6,15,0
1028,2014-08-24 12:00:00,-73.0,23.3,5,0
1029,2014-08-24 18:00:00,-73.0,24.0,5,0
1030,2014-08-25 00:00:00,-73.0,24.2,5,0
1031,2014-08-25 06:00:00,-72.9,24.4,5,0
1032,2014-08-25 12:00:00,-72.7,24.7,5,0
1033,2014-08-25 18:00:00,-72.4,24.9,5,0
1034,2014-08-26 00:00:00,-72.1,25.1,5,0
1035,2014-08-26 06:00:00,-72.0,25.6,5,0
1036,2014-08-26 12:00:00,-71.8,26.7,5,0
1037,2014-08-26 18:00:00,-71.4,28.1,-5,0
1038,2014-08-27 00:00:00,-71.5,29.5,10,0
1039,2014-08-27 06:00:00,-72.0,30.6,10,0
1040,2014-08-27 12:00:00,-72.2,31.6,-15,0
1041,2014-08-27 18:00:00,-71.8,32.3,-5,0
1042,2014-08-28 00:00:00,-70.7,33.5,-15,0
1043,2014-08-28 06:00:00,-69.0,34.8,-15,0
1044,2014-08-28 12:00:00,-67.1,36.3,-15,0
1045,2014-08-28 18:00:00,-63.6,37.5,-15,0
1046,2014-08-29 00:00:00,-58.8,39.1,-15,0
1047,2014-08-29 06:00:00,-53.9,41.2,1,0
1048,2014-08-29 12:00:00,-61.0494071146245,24.98363636363636,5,0
1049,2014-08-29 18:00:00,-61.04940711462452,24.983636363636364,5,0
1050,2014-08-30 00:00:00,-61.0494071146245,24.983636363636364,5,0
1051,2014-08-30 06:00:00,-61.0494071146245,24.98363636363636,5,0
1052,2014-08-30 12:00:00,-61.0494071146245,24.98363636363636,5,0
1053,2014-08-30 18:00:00,-61.04940711462452,24.983636363636364,5,0
1054,2014-08-31 00:00:00,-61.04940711462452,24.983636363636364,5,0
1055,2014-08-31 06:00:00,-61.0494071146245,24.98363636363636,5,0
1056,2014-08-31 12:00:00,-61.04940711462451,24.983636363636364,5,0
1057,2014-08-31 18:00:00,-61.04940711462452,24.983636363636364,5,0
1058,2014-09-01 00:00:00,-61.0494071146245,24.983636363636364,5,0
1059,2014-09-01 06:00:00,-61.0494071146245,24.983636363636364,5,0
1060,2014-09-01 12:00:00,-61.04940711462452,24.983636363636364,5,0
1061,2014-09-01 18:00:00,-93.2,20.0,5,0
1062,2014-09-02 00:00:00,-93.4,21.3,5,0
1063,2014-09-02 06:00:00,-94.3,22.3,5,0
1064,2014-09-02 12:00:00,-95.6,22.8,-5,0
1065,2014-09-02 18:00:00,-96.7,22.2,5,0
1066,2014-09-03 00:00:00,-97.3,22.0,0,0
1067,2014-09-03 06:00:00,-98.0,21.9,0,0
1068,2014-09-11 12:00:00,-36.5,15.8,5,0
1069,2014-09-11 18:00:00,-37.7,16.5,5,0
1070,2014-09-12 00:00:00,-39.2,17.2,5,0
1071,2014-09-12 06:00:00,-40.8,17.7,5,0
1072,2014-09-12 12:00:00,-42.3,18.3,5,0
1073,2014-09-12 18:00:00,-43.6,18.9,5,0
1074,2014-09-13 00:00:00,-44.8,19.6,5,0
1075,2014-09-13 06:00:00,-45.7,20.4,5,0
1076,2014-09-13 12:00:00,-46.4,21.4,5,0
1077,2014-09-13 18:00:00,-47.0,22.3,5,0
1078,2014-09-14 00:00:00,-47.9,23.0,5,0
1079,2014-09-14 06:00:00,-49.0,23.7,15,0
1080,2014-09-14 12:00:00,-50.3,24.4,15,0
1081,2014-09-14 18:00:00,-51.5,25.1,10,0
1082,2014-09-15 00:00:00,-52.7,25.8,15,0
1083,2014-09-15 06:00:00,-54.0,26.5,15,0
1084,2014-09-15 12:00:00,-55.1,27.0,-15,0
1085,2014-09-15 18:00:00,-56.1,27.7,-15,0
1086,2014-09-16 00:00:00,-56.7,28.5,-15,0
1087,2014-09-16 06:00:00,-57.3,29.5,-15,0
1088,2014-09-16 12:00:00,-57.8,30.6,-15,0
1089,2014-09-16 18:00:00,-57.7,31.7,-5,0
1090,2014-09-17 00:00:00,-57.0,32.9,-5,0
1091,2014-09-17 06:00:00,-56.0,34.3,-5,0
1092,2014-09-17 12:00:00,-54.5,35.7,-5,0
1093,2014-09-17 18:00:00,-52.4,37.2,-15,0
1094,2014-09-18 00:00:00,-49.5,38.3,-10,0
1095,2014-09-18 06:00:00,-46.7,39.3,1,0
1096,2014-09-18 12:00:00,-44.1,39.9,1,0
1097,2014-09-18 18:00:00,-42.1,39.9,1,0
1098,2014-09-19 00:00:00,-40.1,39.9,1,0
1099,2014-09-19 06:00:00,-38.9,39.9,1,0
1100,2014-09-19 12:00:00,-38.1,39.5,1,0
1101,2014-10-10 06:00:00,-62.4,22.7,10,0
1102,2014-10-10 12:00:00,-63.3,23.5,10,0
1103,2014-10-10 18:00:00,-64.0,24.3,5,0
1104,2014-10-11 00:00:00,-64.5,25.1,5,0
1105,2014-10-11 06:00:00,-65.0,26.0,5,0
1106,2014-10-11 12:00:00,-65.3,27.2,5,0
1107,2014-10-11 18:00:00,-65.4,28.7,5,0
1108,2014-10-12 00:00:00,-55.9,16.4,0,0
1109,2014-10-12 06:00:00,-56.9,16.4,5,0
1110,2014-10-12 12:00:00,-63.9,33.1,0,0
1111,2014-10-12 18:00:00,-61.9,33.6,1,0
1112,2014-10-13 00:00:00,-59.0,33.9,1,0
1113,2014-10-13 06:00:00,-60.6,16.7,10,0
1114,2014-10-13 12:00:00,-61.5,17.0,10,0
1115,2014-10-13 18:00:00,-62.4,17.6,25,1
1116,2014-10-14 00:00:00,-63.2,18.3,-10,0
1117,2014-10-14 06:00:00,-64.0,19.1,-10,0
1118,2014-10-14 12:00:00,-64.8,19.9,15,0
1119,2014-10-14 18:00:00,-65.5,20.8,15,0
1120,2014-10-15 00:00:00,-66.2,21.7,-15,0
1121,2014-10-15 06:00:00,-67.0,22.5,0,0
1122,2014-10-15 12:00:00,-67.7,23.1,-15,0
1123,2014-10-15 18:00:00,-68.3,23.8,-15,0
1124,2014-10-16 00:00:00,-68.6,24.4,-15,0
1125,2014-10-16 06:00:00,-68.7,25.0,-5,0
1126,2014-10-16 12:00:00,-68.7,25.6,-15,0
1127,2014-10-16 18:00:00,-68.3,26.5,-5,0
1128,2014-10-17 00:00:00,-67.8,27.4,-5,0
1129,2014-10-17 06:00:00,-67.2,28.6,-5,0
1130,2014-10-17 12:00:00,-66.5,29.8,-10,0
1131,2014-10-17 18:00:00,-65.7,31.0,-5,0
1132,2014-10-18 00:00:00,-64.9,32.2,-5,0
1133,2014-10-18 06:00:00,-63.9,33.7,-15,0
1134,2014-10-18 12:00:00,-62.6,35.6,-15,0
1135,2014-10-18 18:00:00,-60.9,38.2,-10,0
1136,2014-10-19 00:00:00,-58.3,41.2,1,0
1137,2014-10-19 06:00:00,-54.8,44.5,1,0
1138,2014-10-19 12:00:00,-50.1,47.8,1,0
1139,2014-10-19 18:00:00,-61.04940711462452,24.983636363636364,5,0
1140,2014-10-20 00:00:00,-61.0494071146245,24.983636363636364,5,0
1141,2014-10-20 06:00:00,-61.04940711462452,24.983636363636364,5,0
1142,2014-10-20 12:00:00,-61.0494071146245,24.983636363636364,5,0
1143,2014-10-20 18:00:00,-61.04940711462452,24.983636363636364,5,0
1144,2014-10-21 00:00:00,-61.04940711462451,24.983636363636364,5,0
1145,2014-10-21 06:00:00,-61.04940711462452,24.983636363636364,5,0
1146,2014-10-21 12:00:00,-61.0494071146245,24.98363636363636,5,0
1147,2014-10-21 18:00:00,-61.0494071146245,24.98363636363636,5,0
1148,2014-10-22 00:00:00,-93.3,19.5,0,0
1149,2014-10-22 06:00:00,-92.9,19.5,5,0
1150,2014-10-22 12:00:00,-92.4,19.4,5,0
1151,2014-10-22 18:00:00,-91.9,19.3,10,0
1152,2014-10-23 00:00:00,-61.04940711462452,24.983636363636364,5,0
1153,2014-10-23 06:00:00,-61.04940711462452,24.983636363636364,5,0
1154,2014-10-23 12:00:00,-61.04940711462452,24.983636363636364,5,0
1155,2014-10-23 18:00:00,-61.04940711462452,24.98363636363637,5,0
1156,2014-10-24 00:00:00,-61.04940711462452,24.983636363636364,5,0
1157,2014-10-24 06:00:00,-61.04940711462451,24.983636363636364,5,0
1158,2014-10-24 12:00:00,-61.04940711462452,24.983636363636364,5,0
1159,2014-10-24 18:00:00,-61.04940711462452,24.983636363636364,5,0
1160,2014-10-25 00:00:00,-61.04940711462452,24.983636363636364,5,0
1161,2014-10-25 06:00:00,-61.0494071146245,24.983636363636364,5,0
1162,2014-10-25 12:00:00,-61.04940711462452,24.98363636363637,5,0
1163,2014-10-25 18:00:00,-61.0494071146245,24.983636363636364,5,0
1164,2014-10-26 00:00:00,-61.0494071146245,24.983636363636364,5,0
1165,2014-10-26 06:00:00,-61.0494071146245,24.98363636363636,5,0
1166,2014-10-26 12:00:00,-61.04940711462452,24.983636363636364,5,0
1167,2014-10-26 18:00:00,-61.04940711462451,24.983636363636364,5,0
1168,2014-10-27 00:00:00,-82.0,15.1,5,0
1169,2014-10-27 06:00:00,-82.4,15.0,5,0
1170,2014-10-27 12:00:00,-83.0,14.9,5,0
1171,2014-10-27 18:00:00,-83.5,14.9,5,0
1172,2014-10-28 00:00:00,-84.3,15.0,5,0
